{
  "status": "success",
  "city": "basel",
  "data": {
    "parkings": {
      "baselparkhauscity": {
        "id": "baselparkhauscity",
        "name": "City",
        "free": 514,
        "total": 1114,
        "status": "open",
        "timestamp": "2026-01-06T06:45:00"
      },
      "baselparkhauseurope": {
        "id": "baselparkhauseurope",
        "name": "Europe",
        "free": 72,
        "total": 120,
        "status": "open",
        "timestamp": "2026-01-06T06:45:00"
      },
      "baselparkhausrebgasse": {
        "id": "baselparkhausrebgasse",
        "name": "Rebgasse",
        "free": 210,
        "total": 250,
        "status": "open",
        "timestamp": "2026-01-06T06:45:00"
      },
      "baselparkhausaeschen": {
        "id": "baselparkhausaeschen",
        "name": "Aeschen",
        "free": 77,
        "total": 95,
        "status": "open",
        "timestamp": "2026-01-06T06:45:00"
      },
      "baselparkhausclaramatte": {
        "id": "baselparkhausclaramatte",
        "name": "Claramatte",
        "free": 118,
        "total": 120,
        "status": "open",
        "timestamp": "2026-01-06T06:45:00"
      },
      "baselparkhauscentralbahn": {
        "id": "baselparkhauscentralbahn",
        "name": "Centralbahn",
        "free": 239,
        "total": 287,
        "status": "open",
        "timestamp": "2026-01-06T06:45:00"
      },
      "baselparkhausbahnhofsued": {
        "id": "baselparkhausbahnhofsued",
        "name": "Bahnhof Süd",
        "free": 59,
        "total": 100,
        "status": "open",
        "timestamp": "2026-01-06T06:45:00"
      },
      "baselparkhauselisabethen": {
        "id": "baselparkhauselisabethen",
        "name": "Elisabethen",
        "free": 699,
        "total": 840,
        "status": "open",
        "timestamp": "2026-01-06T06:45:00"
      },
      "baselparkhaussteinen": {
        "id": "baselparkhaussteinen",
        "name": "Steinen",
        "free": 385,
        "total": 526,
        "status": "open",
        "timestamp": "2026-01-06T06:45:00"
      },
      "baselparkhausstorchen": {
        "id": "baselparkhausstorchen",
        "name": "Storchen",
        "free": 104,
        "total": 142,
        "status": "open",
        "timestamp": "2026-01-06T06:45:00"
      },
      "baselparkhausbadbahnhof": {
        "id": "baselparkhausbadbahnhof",
        "name": "Bad. Bahnhof",
        "free": 245,
        "total": 750,
        "status": "open",
        "timestamp": "2026-01-06T06:45:00"
      },
      "baselparkhausmesse": {
        "id": "baselparkhausmesse",
        "name": "Messe",
        "free": 512,
        "total": 727,
        "status": "open",
        "timestamp": "2026-01-06T06:45:00"
      },
      "baselparkhausclarahuus": {
        "id": "baselparkhausclarahuus",
        "name": "Clarahuus",
        "free": 7,
        "total": 52,
        "status": "open",
        "timestamp": "2026-01-06T06:45:00"
      },
      "baselparkhauspostbasel": {
        "id": "baselparkhauspostbasel",
        "name": "Post Basel",
        "free": 77,
        "total": 0,
        "status": "open",
        "timestamp": "2026-01-06T06:45:00"
      },
      "baselparkhausanfos": {
        "id": "baselparkhausanfos",
        "name": "Anfos",
        "free": 133,
        "total": 165,
        "status": "open",
        "timestamp": "2026-01-06T06:45:00"
      },
      "baselparkhauskunstmuseum": {
        "id": "baselparkhauskunstmuseum",
        "name": "Kunstmuseum",
        "free": 280,
        "total": 350,
        "status": "open",
        "timestamp": "2026-01-06T06:45:00"
      }
    }
  },
  "timestamp": "2026-01-06T06:45:00"
}