{
  "status": "success",
  "city": "luzern",
  "data": {
    "parkings": {
      "AP02": {
        "id": "AP02",
        "name": "Parkplatz Sportgebäude",
        "free": 84,
        "total": 97,
        "status": "open",
        "timestamp": "2026-01-06T07:41:07+01:00"
      },
      "AP01": {
        "id": "AP01",
        "name": "Parkhaus Sportgebäude",
        "free": 184,
        "total": 280,
        "status": "open",
        "timestamp": "2026-01-06T07:41:08+01:00"
      },
      "SP02": {
        "id": "SP02",
        "name": "Altstadt",
        "free": 318,
        "total": 456,
        "status": "open",
        "timestamp": "2026-01-06T07:35:05+01:00"
      },
      "SP01": {
        "id": "SP01",
        "name": "am Gütsch",
        "free": 94,
        "total": 100,
        "status": "open",
        "timestamp": "2026-01-06T07:38:55+01:00"
      },
      "PKF": {
        "id": "PKF",
        "name": "Parkhaus Flora",
        "free": 44,
        "total": 65,
        "status": "open",
        "timestamp": "2026-01-06T07:38:37+01:00"
      },
      "NP07": {
        "id": "NP07",
        "name": "Schweizerhof",
        "free": 189,
        "total": 250,
        "status": "open",
        "timestamp": "2026-01-06T07:41:08+01:00"
      },
      "NP08": {
        "id": "NP08",
        "name": "Casino-Palace",
        "free": 189,
        "total": 250,
        "status": "open",
        "timestamp": "2026-01-06T07:41:08+01:00"
      },
      "SP06": {
        "id": "SP06",
        "name": "Bahnhofparking P3",
        "free": 336,
        "total": 447,
        "status": "open",
        "timestamp": "2026-01-06T07:41:07+01:00"
      },
      "SP05": {
        "id": "SP05",
        "name": "Bahnhofparking P1+P2",
        "free": 392,
        "total": 453,
        "status": "open",
        "timestamp": "2026-01-06T07:41:07+01:00"
      },
      "NP12": {
        "id": "NP12",
        "name": "Löwencenter",
        "free": 227,
        "total": 345,
        "status": "open",
        "timestamp": "2026-01-06T07:41:12+01:00"
      },
      "SP04": {
        "id": "SP04",
        "name": "Kantonalbank",
        "free": 173,
        "total": 280,
        "status": "open",
        "timestamp": "2026-01-06T07:41:04+01:00"
      },
      "NP11": {
        "id": "NP11",
        "name": "City-Parking",
        "free": 347,
        "total": 450,
        "status": "open",
        "timestamp": "2026-01-06T07:40:19+01:00"
      },
      "SP03": {
        "id": "SP03",
        "name": "Kesselturm",
        "free": 238,
        "total": 340,
        "status": "open",
        "timestamp": "2026-01-06T07:39:41+01:00"
      },
      "NP13": {
        "id": "NP13",
        "name": "Nationalhof",
        "free": 162,
        "total": 220,
        "status": "open",
        "timestamp": "2026-01-06T07:41:10+01:00"
      },
      "SP09": {
        "id": "SP09",
        "name": "Hirzenmatt",
        "free": 30,
        "total": 53,
        "status": "open",
        "timestamp": "2026-01-06T07:41:08+01:00"
      }
    }
  },
  "timestamp": "2026-01-06T07:41:21+01:00"
}