{
  "status": "success",
  "city": "luzern",
  "data": {
    "parkings": {
      "AP02": {
        "id": "AP02",
        "name": "Parkplatz Sportgebäude",
        "free": 83,
        "total": 97,
        "status": "open",
        "timestamp": "2026-01-06T07:47:38+01:00"
      },
      "AP01": {
        "id": "AP01",
        "name": "Parkhaus Sportgebäude",
        "free": 186,
        "total": 280,
        "status": "open",
        "timestamp": "2026-01-06T07:47:39+01:00"
      },
      "SP02": {
        "id": "SP02",
        "name": "Altstadt",
        "free": 309,
        "total": 456,
        "status": "open",
        "timestamp": "2026-01-06T07:47:35+01:00"
      },
      "SP01": {
        "id": "SP01",
        "name": "am Gütsch",
        "free": 90,
        "total": 100,
        "status": "open",
        "timestamp": "2026-01-06T07:47:58+01:00"
      },
      "PKF": {
        "id": "PKF",
        "name": "Parkhaus Flora",
        "free": 43,
        "total": 65,
        "status": "open",
        "timestamp": "2026-01-06T07:47:40+01:00"
      },
      "NP07": {
        "id": "NP07",
        "name": "Schweizerhof",
        "free": 182,
        "total": 250,
        "status": "open",
        "timestamp": "2026-01-06T07:47:10+01:00"
      },
      "NP08": {
        "id": "NP08",
        "name": "Casino-Palace",
        "free": 182,
        "total": 250,
        "status": "open",
        "timestamp": "2026-01-06T07:47:10+01:00"
      },
      "SP06": {
        "id": "SP06",
        "name": "Bahnhofparking P3",
        "free": 333,
        "total": 447,
        "status": "open",
        "timestamp": "2026-01-06T07:47:09+01:00"
      },
      "SP05": {
        "id": "SP05",
        "name": "Bahnhofparking P1+P2",
        "free": 386,
        "total": 453,
        "status": "open",
        "timestamp": "2026-01-06T07:47:09+01:00"
      },
      "NP12": {
        "id": "NP12",
        "name": "Löwencenter",
        "free": 220,
        "total": 345,
        "status": "open",
        "timestamp": "2026-01-06T07:47:14+01:00"
      },
      "SP04": {
        "id": "SP04",
        "name": "Kantonalbank",
        "free": 163,
        "total": 280,
        "status": "open",
        "timestamp": "2026-01-06T07:47:07+01:00"
      },
      "NP11": {
        "id": "NP11",
        "name": "City-Parking",
        "free": 338,
        "total": 450,
        "status": "open",
        "timestamp": "2026-01-06T07:46:22+01:00"
      },
      "SP03": {
        "id": "SP03",
        "name": "Kesselturm",
        "free": 233,
        "total": 340,
        "status": "open",
        "timestamp": "2026-01-06T07:45:43+01:00"
      },
      "NP13": {
        "id": "NP13",
        "name": "Nationalhof",
        "free": 157,
        "total": 220,
        "status": "open",
        "timestamp": "2026-01-06T07:47:12+01:00"
      },
      "SP09": {
        "id": "SP09",
        "name": "Hirzenmatt",
        "free": 28,
        "total": 53,
        "status": "open",
        "timestamp": "2026-01-06T07:47:39+01:00"
      }
    }
  },
  "timestamp": "2026-01-06T07:48:19+01:00"
}